"Chr","Start","End","nProbes","cn","nA","nB","Ploidy","Aberrant Cell Fraction","ChipNames","NormalFile","TumorTissue","NormalTissue"
1,61736,42005041,23703,4,2,2,4.0462279815807,0.99,"BAIZE_p_TCGA_b138_SNP_N_GenomeWideSNP_6_F03_808850","BAIZE_p_TCGA_b138_SNP_N_GenomeWideSNP_6_H01_808750","primary","blood"
1,42006005,42059822,39,4,4,0,4.0462279815807,0.99,"BAIZE_p_TCGA_b138_SNP_N_GenomeWideSNP_6_F03_808850","BAIZE_p_TCGA_b138_SNP_N_GenomeWideSNP_6_H01_808750","primary","blood"
1,42061181,42899445,583,4,2,2,4.0462279815807,0.99,"BAIZE_p_TCGA_b138_SNP_N_GenomeWideSNP_6_F03_808850","BAIZE_p_TCGA_b138_SNP_N_GenomeWideSNP_6_H01_808750","primary","blood"
1,42899893,43139135,135,4,4,0,4.0462279815807,0.99,"BAIZE_p_TCGA_b138_SNP_N_GenomeWideSNP_6_F03_808850","BAIZE_p_TCGA_b138_SNP_N_GenomeWideSNP_6_H01_808750","primary","blood"
1,43140639,112584081,46082,4,2,2,4.0462279815807,0.99,"BAIZE_p_TCGA_b138_SNP_N_GenomeWideSNP_6_F03_808850","BAIZE_p_TCGA_b138_SNP_N_GenomeWideSNP_6_H01_808750","primary","blood"
1,112584332,112706119,142,3,3,0,4.0462279815807,0.99,"BAIZE_p_TCGA_b138_SNP_N_GenomeWideSNP_6_F03_808850","BAIZE_p_TCGA_b138_SNP_N_GenomeWideSNP_6_H01_808750","primary","blood"
1,112706129,155690100,10254,4,2,2,4.0462279815807,0.99,"BAIZE_p_TCGA_b138_SNP_N_GenomeWideSNP_6_F03_808850","BAIZE_p_TCGA_b138_SNP_N_GenomeWideSNP_6_H01_808750","primary","blood"
1,155697810,155848899,74,4,4,0,4.0462279815807,0.99,"BAIZE_p_TCGA_b138_SNP_N_GenomeWideSNP_6_F03_808850","BAIZE_p_TCGA_b138_SNP_N_GenomeWideSNP_6_H01_808750","primary","blood"
1,155850558,162008302,4106,4,2,2,4.0462279815807,0.99,"BAIZE_p_TCGA_b138_SNP_N_GenomeWideSNP_6_F03_808850","BAIZE_p_TCGA_b138_SNP_N_GenomeWideSNP_6_H01_808750","primary","blood"
1,162008941,162064468,54,4,4,0,4.0462279815807,0.99,"BAIZE_p_TCGA_b138_SNP_N_GenomeWideSNP_6_F03_808850","BAIZE_p_TCGA_b138_SNP_N_GenomeWideSNP_6_H01_808750","primary","blood"
1,162064507,189991067,19891,4,2,2,4.0462279815807,0.99,"BAIZE_p_TCGA_b138_SNP_N_GenomeWideSNP_6_F03_808850","BAIZE_p_TCGA_b138_SNP_N_GenomeWideSNP_6_H01_808750","primary","blood"
1,189991100,190857964,569,4,4,0,4.0462279815807,0.99,"BAIZE_p_TCGA_b138_SNP_N_GenomeWideSNP_6_F03_808850","BAIZE_p_TCGA_b138_SNP_N_GenomeWideSNP_6_H01_808750","primary","blood"
1,190858039,219375347,19763,4,2,2,4.0462279815807,0.99,"BAIZE_p_TCGA_b138_SNP_N_GenomeWideSNP_6_F03_808850","BAIZE_p_TCGA_b138_SNP_N_GenomeWideSNP_6_H01_808750","primary","blood"
1,219375547,219741679,298,4,4,0,4.0462279815807,0.99,"BAIZE_p_TCGA_b138_SNP_N_GenomeWideSNP_6_F03_808850","BAIZE_p_TCGA_b138_SNP_N_GenomeWideSNP_6_H01_808750","primary","blood"
1,219741820,228407632,5556,4,2,2,4.0462279815807,0.99,"BAIZE_p_TCGA_b138_SNP_N_GenomeWideSNP_6_F03_808850","BAIZE_p_TCGA_b138_SNP_N_GenomeWideSNP_6_H01_808750","primary","blood"
1,228410441,228455487,44,3,3,0,4.0462279815807,0.99,"BAIZE_p_TCGA_b138_SNP_N_GenomeWideSNP_6_F03_808850","BAIZE_p_TCGA_b138_SNP_N_GenomeWideSNP_6_H01_808750","primary","blood"
1,228455937,243619463,11634,4,2,2,4.0462279815807,0.99,"BAIZE_p_TCGA_b138_SNP_N_GenomeWideSNP_6_F03_808850","BAIZE_p_TCGA_b138_SNP_N_GenomeWideSNP_6_H01_808750","primary","blood"
1,243620088,244064309,357,4,4,0,4.0462279815807,0.99,"BAIZE_p_TCGA_b138_SNP_N_GenomeWideSNP_6_F03_808850","BAIZE_p_TCGA_b138_SNP_N_GenomeWideSNP_6_H01_808750","primary","blood"
1,244064564,249224389,3342,4,2,2,4.0462279815807,0.99,"BAIZE_p_TCGA_b138_SNP_N_GenomeWideSNP_6_F03_808850","BAIZE_p_TCGA_b138_SNP_N_GenomeWideSNP_6_H01_808750","primary","blood"
2,12785,89071972,61399,5,2,3,4.0462279815807,0.99,"BAIZE_p_TCGA_b138_SNP_N_GenomeWideSNP_6_F03_808850","BAIZE_p_TCGA_b138_SNP_N_GenomeWideSNP_6_H01_808750","primary","blood"
2,89072731,89902991,248,5,4,1,4.0462279815807,0.99,"BAIZE_p_TCGA_b138_SNP_N_GenomeWideSNP_6_F03_808850","BAIZE_p_TCGA_b138_SNP_N_GenomeWideSNP_6_H01_808750","primary","blood"
2,89903423,92305785,332,2,2,0,4.0462279815807,0.99,"BAIZE_p_TCGA_b138_SNP_N_GenomeWideSNP_6_F03_808850","BAIZE_p_TCGA_b138_SNP_N_GenomeWideSNP_6_H01_808750","primary","blood"
2,95327888,164867839,42191,5,2,3,4.0462279815807,0.99,"BAIZE_p_TCGA_b138_SNP_N_GenomeWideSNP_6_F03_808850","BAIZE_p_TCGA_b138_SNP_N_GenomeWideSNP_6_H01_808750","primary","blood"
2,164870587,243089457,49547,4,3,1,4.0462279815807,0.99,"BAIZE_p_TCGA_b138_SNP_N_GenomeWideSNP_6_F03_808850","BAIZE_p_TCGA_b138_SNP_N_GenomeWideSNP_6_H01_808750","primary","blood"
3,60346,89107320,61707,4,2,2,4.0462279815807,0.99,"BAIZE_p_TCGA_b138_SNP_N_GenomeWideSNP_6_F03_808850","BAIZE_p_TCGA_b138_SNP_N_GenomeWideSNP_6_H01_808750","primary","blood"
3,89109729,90502863,723,4,4,0,4.0462279815807,0.99,"BAIZE_p_TCGA_b138_SNP_N_GenomeWideSNP_6_F03_808850","BAIZE_p_TCGA_b138_SNP_N_GenomeWideSNP_6_H01_808750","primary","blood"
3,93519479,156263766,38954,4,2,2,4.0462279815807,0.99,"BAIZE_p_TCGA_b138_SNP_N_GenomeWideSNP_6_F03_808850","BAIZE_p_TCGA_b138_SNP_N_GenomeWideSNP_6_H01_808750","primary","blood"
3,156265940,156604467,204,4,4,0,4.0462279815807,0.99,"BAIZE_p_TCGA_b138_SNP_N_GenomeWideSNP_6_F03_808850","BAIZE_p_TCGA_b138_SNP_N_GenomeWideSNP_6_H01_808750","primary","blood"
3,156606709,159641399,1870,4,2,2,4.0462279815807,0.99,"BAIZE_p_TCGA_b138_SNP_N_GenomeWideSNP_6_F03_808850","BAIZE_p_TCGA_b138_SNP_N_GenomeWideSNP_6_H01_808750","primary","blood"
3,159642036,159857737,161,4,4,0,4.0462279815807,0.99,"BAIZE_p_TCGA_b138_SNP_N_GenomeWideSNP_6_F03_808850","BAIZE_p_TCGA_b138_SNP_N_GenomeWideSNP_6_H01_808750","primary","blood"
3,159861147,197896119,24148,4,2,2,4.0462279815807,0.99,"BAIZE_p_TCGA_b138_SNP_N_GenomeWideSNP_6_F03_808850","BAIZE_p_TCGA_b138_SNP_N_GenomeWideSNP_6_H01_808750","primary","blood"
4,12282,12383807,7958,4,2,2,4.0462279815807,0.99,"BAIZE_p_TCGA_b138_SNP_N_GenomeWideSNP_6_F03_808850","BAIZE_p_TCGA_b138_SNP_N_GenomeWideSNP_6_H01_808750","primary","blood"
4,12383820,12867274,361,4,4,0,4.0462279815807,0.99,"BAIZE_p_TCGA_b138_SNP_N_GenomeWideSNP_6_F03_808850","BAIZE_p_TCGA_b138_SNP_N_GenomeWideSNP_6_H01_808750","primary","blood"
4,12870217,15619034,2154,4,2,2,4.0462279815807,0.99,"BAIZE_p_TCGA_b138_SNP_N_GenomeWideSNP_6_F03_808850","BAIZE_p_TCGA_b138_SNP_N_GenomeWideSNP_6_H01_808750","primary","blood"
4,15621541,15747231,95,4,4,0,4.0462279815807,0.99,"BAIZE_p_TCGA_b138_SNP_N_GenomeWideSNP_6_F03_808850","BAIZE_p_TCGA_b138_SNP_N_GenomeWideSNP_6_H01_808750","primary","blood"
4,15747784,22353157,4716,4,2,2,4.0462279815807,0.99,"BAIZE_p_TCGA_b138_SNP_N_GenomeWideSNP_6_F03_808850","BAIZE_p_TCGA_b138_SNP_N_GenomeWideSNP_6_H01_808750","primary","blood"
4,22355722,22484767,93,4,4,0,4.0462279815807,0.99,"BAIZE_p_TCGA_b138_SNP_N_GenomeWideSNP_6_F03_808850","BAIZE_p_TCGA_b138_SNP_N_GenomeWideSNP_6_H01_808750","primary","blood"
4,22485540,45448564,15221,4,2,2,4.0462279815807,0.99,"BAIZE_p_TCGA_b138_SNP_N_GenomeWideSNP_6_F03_808850","BAIZE_p_TCGA_b138_SNP_N_GenomeWideSNP_6_H01_808750","primary","blood"
4,45449634,46193841,392,4,4,0,4.0462279815807,0.99,"BAIZE_p_TCGA_b138_SNP_N_GenomeWideSNP_6_F03_808850","BAIZE_p_TCGA_b138_SNP_N_GenomeWideSNP_6_H01_808750","primary","blood"
4,46196039,72396878,14267,4,2,2,4.0462279815807,0.99,"BAIZE_p_TCGA_b138_SNP_N_GenomeWideSNP_6_F03_808850","BAIZE_p_TCGA_b138_SNP_N_GenomeWideSNP_6_H01_808750","primary","blood"
4,72397550,72417556,17,4,4,0,4.0462279815807,0.99,"BAIZE_p_TCGA_b138_SNP_N_GenomeWideSNP_6_F03_808850","BAIZE_p_TCGA_b138_SNP_N_GenomeWideSNP_6_H01_808750","primary","blood"
4,72417648,120390241,29826,4,2,2,4.0462279815807,0.99,"BAIZE_p_TCGA_b138_SNP_N_GenomeWideSNP_6_F03_808850","BAIZE_p_TCGA_b138_SNP_N_GenomeWideSNP_6_H01_808750","primary","blood"
4,120392652,120579659,118,4,4,0,4.0462279815807,0.99,"BAIZE_p_TCGA_b138_SNP_N_GenomeWideSNP_6_F03_808850","BAIZE_p_TCGA_b138_SNP_N_GenomeWideSNP_6_H01_808750","primary","blood"
4,120580633,151063985,18450,4,2,2,4.0462279815807,0.99,"BAIZE_p_TCGA_b138_SNP_N_GenomeWideSNP_6_F03_808850","BAIZE_p_TCGA_b138_SNP_N_GenomeWideSNP_6_H01_808750","primary","blood"
4,151064368,191027924,26709,3,2,1,4.0462279815807,0.99,"BAIZE_p_TCGA_b138_SNP_N_GenomeWideSNP_6_F03_808850","BAIZE_p_TCGA_b138_SNP_N_GenomeWideSNP_6_H01_808750","primary","blood"
5,15533,8164750,6740,4,2,2,4.0462279815807,0.99,"BAIZE_p_TCGA_b138_SNP_N_GenomeWideSNP_6_F03_808850","BAIZE_p_TCGA_b138_SNP_N_GenomeWideSNP_6_H01_808750","primary","blood"
5,8165111,8837404,586,4,4,0,4.0462279815807,0.99,"BAIZE_p_TCGA_b138_SNP_N_GenomeWideSNP_6_F03_808850","BAIZE_p_TCGA_b138_SNP_N_GenomeWideSNP_6_H01_808750","primary","blood"
5,8837844,36353088,18507,4,2,2,4.0462279815807,0.99,"BAIZE_p_TCGA_b138_SNP_N_GenomeWideSNP_6_F03_808850","BAIZE_p_TCGA_b138_SNP_N_GenomeWideSNP_6_H01_808750","primary","blood"
5,36357588,38054753,1078,4,3,1,4.0462279815807,0.99,"BAIZE_p_TCGA_b138_SNP_N_GenomeWideSNP_6_F03_808850","BAIZE_p_TCGA_b138_SNP_N_GenomeWideSNP_6_H01_808750","primary","blood"
5,38056271,109402710,40988,4,2,2,4.0462279815807,0.99,"BAIZE_p_TCGA_b138_SNP_N_GenomeWideSNP_6_F03_808850","BAIZE_p_TCGA_b138_SNP_N_GenomeWideSNP_6_H01_808750","primary","blood"
5,109410958,109521685,88,4,4,0,4.0462279815807,0.99,"BAIZE_p_TCGA_b138_SNP_N_GenomeWideSNP_6_F03_808850","BAIZE_p_TCGA_b138_SNP_N_GenomeWideSNP_6_H01_808750","primary","blood"
5,109530720,131839594,15033,4,2,2,4.0462279815807,0.99,"BAIZE_p_TCGA_b138_SNP_N_GenomeWideSNP_6_F03_808850","BAIZE_p_TCGA_b138_SNP_N_GenomeWideSNP_6_H01_808750","primary","blood"
5,131839618,132109354,145,4,4,0,4.0462279815807,0.99,"BAIZE_p_TCGA_b138_SNP_N_GenomeWideSNP_6_F03_808850","BAIZE_p_TCGA_b138_SNP_N_GenomeWideSNP_6_H01_808750","primary","blood"
5,132109742,145106699,8033,4,2,2,4.0462279815807,0.99,"BAIZE_p_TCGA_b138_SNP_N_GenomeWideSNP_6_F03_808850","BAIZE_p_TCGA_b138_SNP_N_GenomeWideSNP_6_H01_808750","primary","blood"
5,145108829,145224288,68,4,4,0,4.0462279815807,0.99,"BAIZE_p_TCGA_b138_SNP_N_GenomeWideSNP_6_F03_808850","BAIZE_p_TCGA_b138_SNP_N_GenomeWideSNP_6_H01_808750","primary","blood"
5,145224442,180790321,24469,4,2,2,4.0462279815807,0.99,"BAIZE_p_TCGA_b138_SNP_N_GenomeWideSNP_6_F03_808850","BAIZE_p_TCGA_b138_SNP_N_GenomeWideSNP_6_H01_808750","primary","blood"
6,149662,3964474,3214,4,2,2,4.0462279815807,0.99,"BAIZE_p_TCGA_b138_SNP_N_GenomeWideSNP_6_F03_808850","BAIZE_p_TCGA_b138_SNP_N_GenomeWideSNP_6_H01_808750","primary","blood"
6,3967629,4288403,290,4,4,0,4.0462279815807,0.99,"BAIZE_p_TCGA_b138_SNP_N_GenomeWideSNP_6_F03_808850","BAIZE_p_TCGA_b138_SNP_N_GenomeWideSNP_6_H01_808750","primary","blood"
6,4289773,20821662,13027,4,2,2,4.0462279815807,0.99,"BAIZE_p_TCGA_b138_SNP_N_GenomeWideSNP_6_F03_808850","BAIZE_p_TCGA_b138_SNP_N_GenomeWideSNP_6_H01_808750","primary","blood"
6,20826281,21010492,106,4,4,0,4.0462279815807,0.99,"BAIZE_p_TCGA_b138_SNP_N_GenomeWideSNP_6_F03_808850","BAIZE_p_TCGA_b138_SNP_N_GenomeWideSNP_6_H01_808750","primary","blood"
6,21010568,31927342,6732,4,2,2,4.0462279815807,0.99,"BAIZE_p_TCGA_b138_SNP_N_GenomeWideSNP_6_F03_808850","BAIZE_p_TCGA_b138_SNP_N_GenomeWideSNP_6_H01_808750","primary","blood"
6,31930351,32003197,12,4,4,0,4.0462279815807,0.99,"BAIZE_p_TCGA_b138_SNP_N_GenomeWideSNP_6_F03_808850","BAIZE_p_TCGA_b138_SNP_N_GenomeWideSNP_6_H01_808750","primary","blood"
6,32033007,51334449,12470,4,2,2,4.0462279815807,0.99,"BAIZE_p_TCGA_b138_SNP_N_GenomeWideSNP_6_F03_808850","BAIZE_p_TCGA_b138_SNP_N_GenomeWideSNP_6_H01_808750","primary","blood"
6,51337941,51810197,365,4,4,0,4.0462279815807,0.99,"BAIZE_p_TCGA_b138_SNP_N_GenomeWideSNP_6_F03_808850","BAIZE_p_TCGA_b138_SNP_N_GenomeWideSNP_6_H01_808750","primary","blood"
6,51810499,65354108,6076,4,2,2,4.0462279815807,0.99,"BAIZE_p_TCGA_b138_SNP_N_GenomeWideSNP_6_F03_808850","BAIZE_p_TCGA_b138_SNP_N_GenomeWideSNP_6_H01_808750","primary","blood"
6,65358886,65500711,96,4,4,0,4.0462279815807,0.99,"BAIZE_p_TCGA_b138_SNP_N_GenomeWideSNP_6_F03_808850","BAIZE_p_TCGA_b138_SNP_N_GenomeWideSNP_6_H01_808750","primary","blood"
6,65502979,103734830,24980,4,2,2,4.0462279815807,0.99,"BAIZE_p_TCGA_b138_SNP_N_GenomeWideSNP_6_F03_808850","BAIZE_p_TCGA_b138_SNP_N_GenomeWideSNP_6_H01_808750","primary","blood"
6,103737977,103762062,47,1,1,0,4.0462279815807,0.99,"BAIZE_p_TCGA_b138_SNP_N_GenomeWideSNP_6_F03_808850","BAIZE_p_TCGA_b138_SNP_N_GenomeWideSNP_6_H01_808750","primary","blood"
6,103765471,133478578,18954,4,2,2,4.0462279815807,0.99,"BAIZE_p_TCGA_b138_SNP_N_GenomeWideSNP_6_F03_808850","BAIZE_p_TCGA_b138_SNP_N_GenomeWideSNP_6_H01_808750","primary","blood"
6,133478729,171051006,26358,5,3,2,4.0462279815807,0.99,"BAIZE_p_TCGA_b138_SNP_N_GenomeWideSNP_6_F03_808850","BAIZE_p_TCGA_b138_SNP_N_GenomeWideSNP_6_H01_808750","primary","blood"
7,43259,15035571,10384,4,2,2,4.0462279815807,0.99,"BAIZE_p_TCGA_b138_SNP_N_GenomeWideSNP_6_F03_808850","BAIZE_p_TCGA_b138_SNP_N_GenomeWideSNP_6_H01_808750","primary","blood"
7,15039499,15241437,189,4,4,0,4.0462279815807,0.99,"BAIZE_p_TCGA_b138_SNP_N_GenomeWideSNP_6_F03_808850","BAIZE_p_TCGA_b138_SNP_N_GenomeWideSNP_6_H01_808750","primary","blood"
7,15242206,18754772,2760,4,2,2,4.0462279815807,0.99,"BAIZE_p_TCGA_b138_SNP_N_GenomeWideSNP_6_F03_808850","BAIZE_p_TCGA_b138_SNP_N_GenomeWideSNP_6_H01_808750","primary","blood"
7,18758086,18923910,213,4,4,0,4.0462279815807,0.99,"BAIZE_p_TCGA_b138_SNP_N_GenomeWideSNP_6_F03_808850","BAIZE_p_TCGA_b138_SNP_N_GenomeWideSNP_6_H01_808750","primary","blood"
7,18924850,111808822,57159,4,2,2,4.0462279815807,0.99,"BAIZE_p_TCGA_b138_SNP_N_GenomeWideSNP_6_F03_808850","BAIZE_p_TCGA_b138_SNP_N_GenomeWideSNP_6_H01_808750","primary","blood"
7,111809140,112105754,189,4,4,0,4.0462279815807,0.99,"BAIZE_p_TCGA_b138_SNP_N_GenomeWideSNP_6_F03_808850","BAIZE_p_TCGA_b138_SNP_N_GenomeWideSNP_6_H01_808750","primary","blood"
7,112105869,140868137,17975,4,2,2,4.0462279815807,0.99,"BAIZE_p_TCGA_b138_SNP_N_GenomeWideSNP_6_F03_808850","BAIZE_p_TCGA_b138_SNP_N_GenomeWideSNP_6_H01_808750","primary","blood"
7,140868944,140969576,70,4,4,0,4.0462279815807,0.99,"BAIZE_p_TCGA_b138_SNP_N_GenomeWideSNP_6_F03_808850","BAIZE_p_TCGA_b138_SNP_N_GenomeWideSNP_6_H01_808750","primary","blood"
7,140970382,159127005,11986,4,2,2,4.0462279815807,0.99,"BAIZE_p_TCGA_b138_SNP_N_GenomeWideSNP_6_F03_808850","BAIZE_p_TCGA_b138_SNP_N_GenomeWideSNP_6_H01_808750","primary","blood"
8,31255,5407965,6100,4,2,2,4.0462279815807,0.99,"BAIZE_p_TCGA_b138_SNP_N_GenomeWideSNP_6_F03_808850","BAIZE_p_TCGA_b138_SNP_N_GenomeWideSNP_6_H01_808750","primary","blood"
8,5408863,5491824,101,4,4,0,4.0462279815807,0.99,"BAIZE_p_TCGA_b138_SNP_N_GenomeWideSNP_6_F03_808850","BAIZE_p_TCGA_b138_SNP_N_GenomeWideSNP_6_H01_808750","primary","blood"
8,5493312,55365045,33394,4,2,2,4.0462279815807,0.99,"BAIZE_p_TCGA_b138_SNP_N_GenomeWideSNP_6_F03_808850","BAIZE_p_TCGA_b138_SNP_N_GenomeWideSNP_6_H01_808750","primary","blood"
8,55365061,56291614,658,4,3,1,4.0462279815807,0.99,"BAIZE_p_TCGA_b138_SNP_N_GenomeWideSNP_6_F03_808850","BAIZE_p_TCGA_b138_SNP_N_GenomeWideSNP_6_H01_808750","primary","blood"
8,56292679,66516172,6641,4,2,2,4.0462279815807,0.99,"BAIZE_p_TCGA_b138_SNP_N_GenomeWideSNP_6_F03_808850","BAIZE_p_TCGA_b138_SNP_N_GenomeWideSNP_6_H01_808750","primary","blood"
8,66519001,146298156,51414,5,2,3,4.0462279815807,0.99,"BAIZE_p_TCGA_b138_SNP_N_GenomeWideSNP_6_F03_808850","BAIZE_p_TCGA_b138_SNP_N_GenomeWideSNP_6_H01_808750","primary","blood"
9,37747,1486988,1579,4,2,2,4.0462279815807,0.99,"BAIZE_p_TCGA_b138_SNP_N_GenomeWideSNP_6_F03_808850","BAIZE_p_TCGA_b138_SNP_N_GenomeWideSNP_6_H01_808750","primary","blood"
9,1487004,1592698,185,4,4,0,4.0462279815807,0.99,"BAIZE_p_TCGA_b138_SNP_N_GenomeWideSNP_6_F03_808850","BAIZE_p_TCGA_b138_SNP_N_GenomeWideSNP_6_H01_808750","primary","blood"
9,1594760,7291611,5448,4,2,2,4.0462279815807,0.99,"BAIZE_p_TCGA_b138_SNP_N_GenomeWideSNP_6_F03_808850","BAIZE_p_TCGA_b138_SNP_N_GenomeWideSNP_6_H01_808750","primary","blood"
9,7291742,7368850,93,4,4,0,4.0462279815807,0.99,"BAIZE_p_TCGA_b138_SNP_N_GenomeWideSNP_6_F03_808850","BAIZE_p_TCGA_b138_SNP_N_GenomeWideSNP_6_H01_808750","primary","blood"
9,7372131,104756382,49854,4,2,2,4.0462279815807,0.99,"BAIZE_p_TCGA_b138_SNP_N_GenomeWideSNP_6_F03_808850","BAIZE_p_TCGA_b138_SNP_N_GenomeWideSNP_6_H01_808750","primary","blood"
9,104756598,104765323,12,4,4,0,4.0462279815807,0.99,"BAIZE_p_TCGA_b138_SNP_N_GenomeWideSNP_6_F03_808850","BAIZE_p_TCGA_b138_SNP_N_GenomeWideSNP_6_H01_808750","primary","blood"
9,104765867,118154603,10438,4,2,2,4.0462279815807,0.99,"BAIZE_p_TCGA_b138_SNP_N_GenomeWideSNP_6_F03_808850","BAIZE_p_TCGA_b138_SNP_N_GenomeWideSNP_6_H01_808750","primary","blood"
9,118156520,141091395,14691,5,3,2,4.0462279815807,0.99,"BAIZE_p_TCGA_b138_SNP_N_GenomeWideSNP_6_F03_808850","BAIZE_p_TCGA_b138_SNP_N_GenomeWideSNP_6_H01_808750","primary","blood"
10,72760,1201564,676,5,3,2,4.0462279815807,0.99,"BAIZE_p_TCGA_b138_SNP_N_GenomeWideSNP_6_F03_808850","BAIZE_p_TCGA_b138_SNP_N_GenomeWideSNP_6_H01_808750","primary","blood"
10,1201717,1464892,225,4,4,0,4.0462279815807,0.99,"BAIZE_p_TCGA_b138_SNP_N_GenomeWideSNP_6_F03_808850","BAIZE_p_TCGA_b138_SNP_N_GenomeWideSNP_6_H01_808750","primary","blood"
10,1466233,4823252,3380,4,2,2,4.0462279815807,0.99,"BAIZE_p_TCGA_b138_SNP_N_GenomeWideSNP_6_F03_808850","BAIZE_p_TCGA_b138_SNP_N_GenomeWideSNP_6_H01_808750","primary","blood"
10,4823359,4966776,151,4,4,0,4.0462279815807,0.99,"BAIZE_p_TCGA_b138_SNP_N_GenomeWideSNP_6_F03_808850","BAIZE_p_TCGA_b138_SNP_N_GenomeWideSNP_6_H01_808750","primary","blood"
10,4967006,59118252,35847,4,2,2,4.0462279815807,0.99,"BAIZE_p_TCGA_b138_SNP_N_GenomeWideSNP_6_F03_808850","BAIZE_p_TCGA_b138_SNP_N_GenomeWideSNP_6_H01_808750","primary","blood"
10,59121409,59402936,210,4,4,0,4.0462279815807,0.99,"BAIZE_p_TCGA_b138_SNP_N_GenomeWideSNP_6_F03_808850","BAIZE_p_TCGA_b138_SNP_N_GenomeWideSNP_6_H01_808750","primary","blood"
10,59403625,65657330,4382,4,2,2,4.0462279815807,0.99,"BAIZE_p_TCGA_b138_SNP_N_GenomeWideSNP_6_F03_808850","BAIZE_p_TCGA_b138_SNP_N_GenomeWideSNP_6_H01_808750","primary","blood"
10,65657437,66326005,440,4,4,0,4.0462279815807,0.99,"BAIZE_p_TCGA_b138_SNP_N_GenomeWideSNP_6_F03_808850","BAIZE_p_TCGA_b138_SNP_N_GenomeWideSNP_6_H01_808750","primary","blood"
10,66330075,75793372,6256,4,2,2,4.0462279815807,0.99,"BAIZE_p_TCGA_b138_SNP_N_GenomeWideSNP_6_F03_808850","BAIZE_p_TCGA_b138_SNP_N_GenomeWideSNP_6_H01_808750","primary","blood"
10,75793890,76497097,305,4,4,0,4.0462279815807,0.99,"BAIZE_p_TCGA_b138_SNP_N_GenomeWideSNP_6_F03_808850","BAIZE_p_TCGA_b138_SNP_N_GenomeWideSNP_6_H01_808750","primary","blood"
10,76498150,89602259,9361,4,2,2,4.0462279815807,0.99,"BAIZE_p_TCGA_b138_SNP_N_GenomeWideSNP_6_F03_808850","BAIZE_p_TCGA_b138_SNP_N_GenomeWideSNP_6_H01_808750","primary","blood"
10,89602998,89812865,295,4,4,0,4.0462279815807,0.99,"BAIZE_p_TCGA_b138_SNP_N_GenomeWideSNP_6_F03_808850","BAIZE_p_TCGA_b138_SNP_N_GenomeWideSNP_6_H01_808750","primary","blood"
10,89812909,135506705,32107,4,2,2,4.0462279815807,0.99,"BAIZE_p_TCGA_b138_SNP_N_GenomeWideSNP_6_F03_808850","BAIZE_p_TCGA_b138_SNP_N_GenomeWideSNP_6_H01_808750","primary","blood"
11,198510,11647280,7959,4,2,2,4.0462279815807,0.99,"BAIZE_p_TCGA_b138_SNP_N_GenomeWideSNP_6_F03_808850","BAIZE_p_TCGA_b138_SNP_N_GenomeWideSNP_6_H01_808750","primary","blood"
11,11649097,11704599,40,4,4,0,4.0462279815807,0.99,"BAIZE_p_TCGA_b138_SNP_N_GenomeWideSNP_6_F03_808850","BAIZE_p_TCGA_b138_SNP_N_GenomeWideSNP_6_H01_808750","primary","blood"
11,11704877,36471642,18567,4,2,2,4.0462279815807,0.99,"BAIZE_p_TCGA_b138_SNP_N_GenomeWideSNP_6_F03_808850","BAIZE_p_TCGA_b138_SNP_N_GenomeWideSNP_6_H01_808750","primary","blood"
11,36471683,36767255,225,4,4,0,4.0462279815807,0.99,"BAIZE_p_TCGA_b138_SNP_N_GenomeWideSNP_6_F03_808850","BAIZE_p_TCGA_b138_SNP_N_GenomeWideSNP_6_H01_808750","primary","blood"
11,36767733,42401060,3808,4,2,2,4.0462279815807,0.99,"BAIZE_p_TCGA_b138_SNP_N_GenomeWideSNP_6_F03_808850","BAIZE_p_TCGA_b138_SNP_N_GenomeWideSNP_6_H01_808750","primary","blood"
11,42403748,42617724,166,4,4,0,4.0462279815807,0.99,"BAIZE_p_TCGA_b138_SNP_N_GenomeWideSNP_6_F03_808850","BAIZE_p_TCGA_b138_SNP_N_GenomeWideSNP_6_H01_808750","primary","blood"
11,42618343,88527439,24964,4,2,2,4.0462279815807,0.99,"BAIZE_p_TCGA_b138_SNP_N_GenomeWideSNP_6_F03_808850","BAIZE_p_TCGA_b138_SNP_N_GenomeWideSNP_6_H01_808750","primary","blood"
11,88528166,88798357,166,3,3,0,4.0462279815807,0.99,"BAIZE_p_TCGA_b138_SNP_N_GenomeWideSNP_6_F03_808850","BAIZE_p_TCGA_b138_SNP_N_GenomeWideSNP_6_H01_808750","primary","blood"
11,88801995,134944770,33703,4,2,2,4.0462279815807,0.99,"BAIZE_p_TCGA_b138_SNP_N_GenomeWideSNP_6_F03_808850","BAIZE_p_TCGA_b138_SNP_N_GenomeWideSNP_6_H01_808750","primary","blood"
12,150443,1262157,694,4,2,2,4.0462279815807,0.99,"BAIZE_p_TCGA_b138_SNP_N_GenomeWideSNP_6_F03_808850","BAIZE_p_TCGA_b138_SNP_N_GenomeWideSNP_6_H01_808750","primary","blood"
12,1262501,1629885,209,4,4,0,4.0462279815807,0.99,"BAIZE_p_TCGA_b138_SNP_N_GenomeWideSNP_6_F03_808850","BAIZE_p_TCGA_b138_SNP_N_GenomeWideSNP_6_H01_808750","primary","blood"
12,1637913,11494621,6750,4,2,2,4.0462279815807,0.99,"BAIZE_p_TCGA_b138_SNP_N_GenomeWideSNP_6_F03_808850","BAIZE_p_TCGA_b138_SNP_N_GenomeWideSNP_6_H01_808750","primary","blood"
12,11494753,11608382,100,3,3,0,4.0462279815807,0.99,"BAIZE_p_TCGA_b138_SNP_N_GenomeWideSNP_6_F03_808850","BAIZE_p_TCGA_b138_SNP_N_GenomeWideSNP_6_H01_808750","primary","blood"
12,11608652,73670833,39021,4,2,2,4.0462279815807,0.99,"BAIZE_p_TCGA_b138_SNP_N_GenomeWideSNP_6_F03_808850","BAIZE_p_TCGA_b138_SNP_N_GenomeWideSNP_6_H01_808750","primary","blood"
12,73670945,74887130,672,4,4,0,4.0462279815807,0.99,"BAIZE_p_TCGA_b138_SNP_N_GenomeWideSNP_6_F03_808850","BAIZE_p_TCGA_b138_SNP_N_GenomeWideSNP_6_H01_808750","primary","blood"
12,74887308,89147587,9022,4,2,2,4.0462279815807,0.99,"BAIZE_p_TCGA_b138_SNP_N_GenomeWideSNP_6_F03_808850","BAIZE_p_TCGA_b138_SNP_N_GenomeWideSNP_6_H01_808750","primary","blood"
12,89147684,89348304,121,5,5,0,4.0462279815807,0.99,"BAIZE_p_TCGA_b138_SNP_N_GenomeWideSNP_6_F03_808850","BAIZE_p_TCGA_b138_SNP_N_GenomeWideSNP_6_H01_808750","primary","blood"
12,89349282,92420789,2029,4,2,2,4.0462279815807,0.99,"BAIZE_p_TCGA_b138_SNP_N_GenomeWideSNP_6_F03_808850","BAIZE_p_TCGA_b138_SNP_N_GenomeWideSNP_6_H01_808750","primary","blood"
12,92421472,92634394,137,4,4,0,4.0462279815807,0.99,"BAIZE_p_TCGA_b138_SNP_N_GenomeWideSNP_6_F03_808850","BAIZE_p_TCGA_b138_SNP_N_GenomeWideSNP_6_H01_808750","primary","blood"
12,92634415,116903987,16959,4,2,2,4.0462279815807,0.99,"BAIZE_p_TCGA_b138_SNP_N_GenomeWideSNP_6_F03_808850","BAIZE_p_TCGA_b138_SNP_N_GenomeWideSNP_6_H01_808750","primary","blood"
12,116904503,117367462,293,4,4,0,4.0462279815807,0.99,"BAIZE_p_TCGA_b138_SNP_N_GenomeWideSNP_6_F03_808850","BAIZE_p_TCGA_b138_SNP_N_GenomeWideSNP_6_H01_808750","primary","blood"
12,117367590,119452961,1560,4,3,1,4.0462279815807,0.99,"BAIZE_p_TCGA_b138_SNP_N_GenomeWideSNP_6_F03_808850","BAIZE_p_TCGA_b138_SNP_N_GenomeWideSNP_6_H01_808750","primary","blood"
12,119454026,133778190,9774,4,2,2,4.0462279815807,0.99,"BAIZE_p_TCGA_b138_SNP_N_GenomeWideSNP_6_F03_808850","BAIZE_p_TCGA_b138_SNP_N_GenomeWideSNP_6_H01_808750","primary","blood"
13,19026950,24278060,3530,4,2,2,4.0462279815807,0.99,"BAIZE_p_TCGA_b138_SNP_N_GenomeWideSNP_6_F03_808850","BAIZE_p_TCGA_b138_SNP_N_GenomeWideSNP_6_H01_808750","primary","blood"
13,24278769,24440581,125,4,4,0,4.0462279815807,0.99,"BAIZE_p_TCGA_b138_SNP_N_GenomeWideSNP_6_F03_808850","BAIZE_p_TCGA_b138_SNP_N_GenomeWideSNP_6_H01_808750","primary","blood"
13,24441479,115108398,62272,4,2,2,4.0462279815807,0.99,"BAIZE_p_TCGA_b138_SNP_N_GenomeWideSNP_6_F03_808850","BAIZE_p_TCGA_b138_SNP_N_GenomeWideSNP_6_H01_808750","primary","blood"
14,19002125,68192653,31297,4,2,2,4.0462279815807,0.99,"BAIZE_p_TCGA_b138_SNP_N_GenomeWideSNP_6_F03_808850","BAIZE_p_TCGA_b138_SNP_N_GenomeWideSNP_6_H01_808750","primary","blood"
14,68193302,68728479,296,4,4,0,4.0462279815807,0.99,"BAIZE_p_TCGA_b138_SNP_N_GenomeWideSNP_6_F03_808850","BAIZE_p_TCGA_b138_SNP_N_GenomeWideSNP_6_H01_808750","primary","blood"
14,68728563,107285437,25522,4,2,2,4.0462279815807,0.99,"BAIZE_p_TCGA_b138_SNP_N_GenomeWideSNP_6_F03_808850","BAIZE_p_TCGA_b138_SNP_N_GenomeWideSNP_6_H01_808750","primary","blood"
15,20016329,31159264,5607,4,2,2,4.0462279815807,0.99,"BAIZE_p_TCGA_b138_SNP_N_GenomeWideSNP_6_F03_808850","BAIZE_p_TCGA_b138_SNP_N_GenomeWideSNP_6_H01_808750","primary","blood"
15,31161207,31383624,175,4,4,0,4.0462279815807,0.99,"BAIZE_p_TCGA_b138_SNP_N_GenomeWideSNP_6_F03_808850","BAIZE_p_TCGA_b138_SNP_N_GenomeWideSNP_6_H01_808750","primary","blood"
15,31384101,78038226,30160,4,2,2,4.0462279815807,0.99,"BAIZE_p_TCGA_b138_SNP_N_GenomeWideSNP_6_F03_808850","BAIZE_p_TCGA_b138_SNP_N_GenomeWideSNP_6_H01_808750","primary","blood"
15,78048992,78071480,14,4,4,0,4.0462279815807,0.99,"BAIZE_p_TCGA_b138_SNP_N_GenomeWideSNP_6_F03_808850","BAIZE_p_TCGA_b138_SNP_N_GenomeWideSNP_6_H01_808750","primary","blood"
15,78073289,102469041,17640,4,2,2,4.0462279815807,0.99,"BAIZE_p_TCGA_b138_SNP_N_GenomeWideSNP_6_F03_808850","BAIZE_p_TCGA_b138_SNP_N_GenomeWideSNP_6_H01_808750","primary","blood"
16,60778,10396564,8116,4,2,2,4.0462279815807,0.99,"BAIZE_p_TCGA_b138_SNP_N_GenomeWideSNP_6_F03_808850","BAIZE_p_TCGA_b138_SNP_N_GenomeWideSNP_6_H01_808750","primary","blood"
16,10397338,10671459,161,4,3,1,4.0462279815807,0.99,"BAIZE_p_TCGA_b138_SNP_N_GenomeWideSNP_6_F03_808850","BAIZE_p_TCGA_b138_SNP_N_GenomeWideSNP_6_H01_808750","primary","blood"
16,10672033,90287536,45834,4,2,2,4.0462279815807,0.99,"BAIZE_p_TCGA_b138_SNP_N_GenomeWideSNP_6_F03_808850","BAIZE_p_TCGA_b138_SNP_N_GenomeWideSNP_6_H01_808750","primary","blood"
17,527,4555420,2537,4,2,2,4.0462279815807,0.99,"BAIZE_p_TCGA_b138_SNP_N_GenomeWideSNP_6_F03_808850","BAIZE_p_TCGA_b138_SNP_N_GenomeWideSNP_6_H01_808750","primary","blood"
17,4565717,4605492,25,4,4,0,4.0462279815807,0.99,"BAIZE_p_TCGA_b138_SNP_N_GenomeWideSNP_6_F03_808850","BAIZE_p_TCGA_b138_SNP_N_GenomeWideSNP_6_H01_808750","primary","blood"
17,4611799,28420170,12414,4,2,2,4.0462279815807,0.99,"BAIZE_p_TCGA_b138_SNP_N_GenomeWideSNP_6_F03_808850","BAIZE_p_TCGA_b138_SNP_N_GenomeWideSNP_6_H01_808750","primary","blood"
17,28421752,29772155,584,5,4,1,4.0462279815807,0.99,"BAIZE_p_TCGA_b138_SNP_N_GenomeWideSNP_6_F03_808850","BAIZE_p_TCGA_b138_SNP_N_GenomeWideSNP_6_H01_808750","primary","blood"
17,29772473,65619874,21547,4,2,2,4.0462279815807,0.99,"BAIZE_p_TCGA_b138_SNP_N_GenomeWideSNP_6_F03_808850","BAIZE_p_TCGA_b138_SNP_N_GenomeWideSNP_6_H01_808750","primary","blood"
17,65623790,66154676,229,4,4,0,4.0462279815807,0.99,"BAIZE_p_TCGA_b138_SNP_N_GenomeWideSNP_6_F03_808850","BAIZE_p_TCGA_b138_SNP_N_GenomeWideSNP_6_H01_808750","primary","blood"
17,66154787,81049726,9273,4,2,2,4.0462279815807,0.99,"BAIZE_p_TCGA_b138_SNP_N_GenomeWideSNP_6_F03_808850","BAIZE_p_TCGA_b138_SNP_N_GenomeWideSNP_6_H01_808750","primary","blood"
18,11543,7083747,5274,4,2,2,4.0462279815807,0.99,"BAIZE_p_TCGA_b138_SNP_N_GenomeWideSNP_6_F03_808850","BAIZE_p_TCGA_b138_SNP_N_GenomeWideSNP_6_H01_808750","primary","blood"
18,7084429,7106910,11,5,5,0,4.0462279815807,0.99,"BAIZE_p_TCGA_b138_SNP_N_GenomeWideSNP_6_F03_808850","BAIZE_p_TCGA_b138_SNP_N_GenomeWideSNP_6_H01_808750","primary","blood"
18,7111033,78015057,46817,4,2,2,4.0462279815807,0.99,"BAIZE_p_TCGA_b138_SNP_N_GenomeWideSNP_6_F03_808850","BAIZE_p_TCGA_b138_SNP_N_GenomeWideSNP_6_H01_808750","primary","blood"
19,90911,24596751,11677,4,2,2,4.0462279815807,0.99,"BAIZE_p_TCGA_b138_SNP_N_GenomeWideSNP_6_F03_808850","BAIZE_p_TCGA_b138_SNP_N_GenomeWideSNP_6_H01_808750","primary","blood"
19,27747994,28492719,280,4,3,1,4.0462279815807,0.99,"BAIZE_p_TCGA_b138_SNP_N_GenomeWideSNP_6_F03_808850","BAIZE_p_TCGA_b138_SNP_N_GenomeWideSNP_6_H01_808750","primary","blood"
19,28492816,44466416,9965,4,2,2,4.0462279815807,0.99,"BAIZE_p_TCGA_b138_SNP_N_GenomeWideSNP_6_F03_808850","BAIZE_p_TCGA_b138_SNP_N_GenomeWideSNP_6_H01_808750","primary","blood"
19,44466754,44505435,52,4,4,0,4.0462279815807,0.99,"BAIZE_p_TCGA_b138_SNP_N_GenomeWideSNP_6_F03_808850","BAIZE_p_TCGA_b138_SNP_N_GenomeWideSNP_6_H01_808750","primary","blood"
19,44505493,59097855,8391,4,2,2,4.0462279815807,0.99,"BAIZE_p_TCGA_b138_SNP_N_GenomeWideSNP_6_F03_808850","BAIZE_p_TCGA_b138_SNP_N_GenomeWideSNP_6_H01_808750","primary","blood"
20,61306,58661046,40889,4,2,2,4.0462279815807,0.99,"BAIZE_p_TCGA_b138_SNP_N_GenomeWideSNP_6_F03_808850","BAIZE_p_TCGA_b138_SNP_N_GenomeWideSNP_6_H01_808750","primary","blood"
20,58661422,58928479,324,4,4,0,4.0462279815807,0.99,"BAIZE_p_TCGA_b138_SNP_N_GenomeWideSNP_6_F03_808850","BAIZE_p_TCGA_b138_SNP_N_GenomeWideSNP_6_H01_808750","primary","blood"
20,58929544,62956154,2436,5,3,2,4.0462279815807,0.99,"BAIZE_p_TCGA_b138_SNP_N_GenomeWideSNP_6_F03_808850","BAIZE_p_TCGA_b138_SNP_N_GenomeWideSNP_6_H01_808750","primary","blood"
21,9764385,48096958,25105,4,2,2,4.0462279815807,0.99,"BAIZE_p_TCGA_b138_SNP_N_GenomeWideSNP_6_F03_808850","BAIZE_p_TCGA_b138_SNP_N_GenomeWideSNP_6_H01_808750","primary","blood"
22,16052529,25721764,5764,4,2,2,4.0462279815807,0.99,"BAIZE_p_TCGA_b138_SNP_N_GenomeWideSNP_6_F03_808850","BAIZE_p_TCGA_b138_SNP_N_GenomeWideSNP_6_H01_808750","primary","blood"
22,25721795,25917730,267,6,3,3,4.0462279815807,0.99,"BAIZE_p_TCGA_b138_SNP_N_GenomeWideSNP_6_F03_808850","BAIZE_p_TCGA_b138_SNP_N_GenomeWideSNP_6_H01_808750","primary","blood"
22,25918709,40180648,10435,4,2,2,4.0462279815807,0.99,"BAIZE_p_TCGA_b138_SNP_N_GenomeWideSNP_6_F03_808850","BAIZE_p_TCGA_b138_SNP_N_GenomeWideSNP_6_H01_808750","primary","blood"
22,40182755,41183286,508,5,4,1,4.0462279815807,0.99,"BAIZE_p_TCGA_b138_SNP_N_GenomeWideSNP_6_F03_808850","BAIZE_p_TCGA_b138_SNP_N_GenomeWideSNP_6_H01_808750","primary","blood"
22,41183471,43551771,1451,4,2,2,4.0462279815807,0.99,"BAIZE_p_TCGA_b138_SNP_N_GenomeWideSNP_6_F03_808850","BAIZE_p_TCGA_b138_SNP_N_GenomeWideSNP_6_H01_808750","primary","blood"
22,43553417,43613455,41,4,3,1,4.0462279815807,0.99,"BAIZE_p_TCGA_b138_SNP_N_GenomeWideSNP_6_F03_808850","BAIZE_p_TCGA_b138_SNP_N_GenomeWideSNP_6_H01_808750","primary","blood"
22,43614099,51234456,5972,4,2,2,4.0462279815807,0.99,"BAIZE_p_TCGA_b138_SNP_N_GenomeWideSNP_6_F03_808850","BAIZE_p_TCGA_b138_SNP_N_GenomeWideSNP_6_H01_808750","primary","blood"
23,119805,2643175,482,4,4,0,4.0462279815807,0.99,"BAIZE_p_TCGA_b138_SNP_N_GenomeWideSNP_6_F03_808850","BAIZE_p_TCGA_b138_SNP_N_GenomeWideSNP_6_H01_808750","primary","blood"
23,2643624,155182355,86789,3,3,0,4.0462279815807,0.99,"BAIZE_p_TCGA_b138_SNP_N_GenomeWideSNP_6_F03_808850","BAIZE_p_TCGA_b138_SNP_N_GenomeWideSNP_6_H01_808750","primary","blood"
